http://archiv.ihned.cz/c1-65691310-rusnok-pustme-do-ceska-cizince,Pusťme do Česka cizince, nedostatek pracovníků brzdí ekonomiku, říká guvernér ČNB Rusnok
http://archiv.ihned.cz/c1-65690850-blizi-se-volby-a-politici-zamirili-do-skol-je-to-na-hrane-zakona,Blíží se volby, politici zamířili do škol. Je to na hraně zákona
http://domaci.ihned.cz/c1-65689850-tlak-verejnosti-je-velky-a-operatori-na-to-budou-muset-zareagovat-rika-novy-ministr-prumyslu-havlicek,Tlak veřejnosti je velký a operátoři na to budou muset zareagovat, říká nový ministr průmyslu Havlíček
http://nazory.ihned.cz/komentare/c1-65691180-zeman-laviruje-mezi-putinem-a-trumpem-nechce-rozzlobit-rusko-a-nechce-si-zavrit-dvere-do-bileho-domu,Zeman lavíruje mezi Putinem a Trumpem. Nechce rozzlobit Rusko a nechce si zavřít dveře do Bílého domu
http://domaci.ihned.cz/c1-65690670-akce-cizinec-proc-policie-vyhani-ukrajinske-delniky-ktere-podle-svazu-prumyslu-nutne-potrebujeme,Akce Cizinec: Proč policie vyhání ukrajinské dělníky, které podle Svazu průmyslu nutně potřebujeme
http://tech.ihned.cz/testy/c1-65691400-test-htc-u-ultra-laka-na-dva-displeje-solidni-vydrz-baterie-a-zrcadlove-modrou-barvu,Test: HTC U Ultra láká na dva displeje, solidní výdrž baterie a zrcadlově modrou barvu
http://domaci.ihned.cz/c1-65690920-hospodarska-komora-chysta-web-ktery-firmy-upozorni-na-povinnosti-ma-i-podporu-politiku,Hospodářská komora chystá web, který firmy upozorní na povinnosti. Má i podporu politiků
http://zahranicni.ihned.cz/evropa-slovensko/c1-65690750-rusko-muze-za-smrt-civilistu-v-syrii-tvrdi-fallon-johnson-kvuli-rostoucimu-napeti-zrusil-navstevu-moskvy,Americká akce v Sýrii "překročila červenou linii", prohlásili společně zástupci Ruska a Íránu
http://archiv.ihned.cz/c1-65687430-nemecke-mesto-wittenberg-tady-je-babisovo-do-podnikani-tu-politik-da-miliardu-eur,Německé město Wittenberg: Tady je Babišovo. Do podnikání tu politik dá miliardu eur
http://zahranicni.ihned.cz/evropa-slovensko/c1-65690790-astronomove-poprve-prokazali-ze-planeta-podobne-velka-jako-zeme-ma-atmosferu,Astronomové poprvé prokázali, že planeta podobně velká jako Země má atmosféru
http://domaci.ihned.cz/c1-65689290-zacina-zatim-nejvetsi-oprava-staromestske-radnice-pristi-rok-pujde-dolu-i-orloj,Začíná zatím největší oprava Staroměstské radnice. Příští rok půjde dolů i orloj
http://zahranicni.ihned.cz/afrika/c1-65690770-exploze-v-krestanskem-kostele-na-severu-egypta-zabila-13-lidi-a-pres-40-zranila,Dva kostely v Egyptě zasáhla exploze. Prezident Sísí zavede na tři měsíce výjimečný stav
http://byznys.ihned.cz/c1-65686670-v-kanade-vznikl-marihuanovy-fond-trh-s-lecebnym-konopim-ma-zatim-velikost-sedm-miliard-dolaru,V Kanadě vznikl marihuanový fond. Trh s léčebným konopím má zatím velikost sedm miliard dolarů
http://archiv.ihned.cz/c1-65688910-rakousko-musi-prijimat-uprchliky,Rakousko se nesmí vyvléct z kvót na uprchlíky, rozhodl Brusel. Česku a dalším zemím, které je nepřijímají, hrozí žalobou
http://ekonom.ihned.cz/c1-65686220-kdo-ovlada-partaje,Kdo ovládá partaje: Kromě politiků krouží kolem stran spřátelení byznysmeni, neviditelní poradci a najatí píáristé
http://zahranicni.ihned.cz/evropa-slovensko/c1-65690780-po-atentatu-ve-stockholmu-policie-vyslechla-sedm-lidi-identifikovat-se-podarilo-tri-ze-ctyr-obeti,Mezi oběťmi pátečního útoku ve Stockholmu je i vysoký manažer Spotify Bevington
http://zahranicni.ihned.cz/evropa-slovensko/c1-65690730-norska-policie-odpalila-nalezenou-podomacky-vyrobenou-bombu-podezrely-je-ve-vazbe,Norská policie odpálila nalezenou podomácky vyrobenou bombu. Podezřelým je 17letý Rus
http://byznys.ihned.cz/c1-65690910-vynosy-bank-z-poplatku-byly-loni-nejnizsi-za-deset-let-roste-pocet-uctu-vedenych-zdarma,Výnosy bank z poplatků byly loni nejnižší za deset let. Roste počet účtů vedených zdarma
http://archiv.ihned.cz/c1-65689070-slaba-mena-pomohla,Slabá měna pomohla, ukončení manipulací s kurzem však přišlo včas, míní ekonom Radomír Jáč
http://archiv.ihned.cz/c1-65691120-cesko-euro-nechce-a-chtit-nebude,Česko euro nechce a chtít nebude
http://archiv.ihned.cz/c1-65691140-sila-pohledu-na-smrt,Síla pohledu na smrt
http://archiv.ihned.cz/c1-65688950-vlna-odchodu-z-cssd-sobotkovi-kritici-vetri-debakl,Sobotkovi kritici větří debakl. Řada známých politiků ČSSD opouští pozice
http://art.ihned.cz/divadlo/c1-65690820-zemrel-herec-reziser-a-textar-jiri-ornest-dozil-se-70-let,Zemřel herec, režisér a textař Jiří Ornest spjatý s Divadlem Na zábradlí, dožil se 70 let
http://zahranicni.ihned.cz/amerika-usa/c1-65690740-usa-vyslaly-ke-kldr-letadlovou-lod-s-doprovodem-trump-hodla-na-vojenskou-provokaci-reagovat-razne,USA vyšlou ke KLDR letadlovou loď. Útok v Sýrii byl varováním pro další země, řekl ministr Tillerson
http://life.ihned.cz/atelier-cesko/c1-65685920-cesi-vali-v-prestizni-designove-soutezi-prohlednete-si-pet-ceskych-vyrobku-ktere-ziskaly-oceneni-red-dot,Češi válí v prestižní designové soutěži. Prohlédněte si pět českých výrobků, které získaly ocenění Red Dot
http://archiv.ihned.cz/c1-65688520-raiffeisenbank-laka-klienty-koncici-banky-na-zvyhodneny-urok-a-mobil,Raiffeisenbank láká klienty končící banky na zvýhodněný úrok a mobil
http://zahranicni.ihned.cz/evropa-slovensko/c1-65690760-italie-chce-zrychlit-vyhostovani-radikalnich-muslimu-reaguje-tak-na-stockholmsky-utok,Itálie chce zrychlit vyhošťování radikálních muslimů, reaguje tak na stockholmský útok
http://byznys.ihned.cz/c1-65689460-trumpa-se-nebojim-amerika-se-uzavira-uz-poslednich-nekolik-let-rika-sef-textilky-grund-firma-v-usa-rozjede-vlastni-vyrobu,Trumpa se nebojím, Amerika se uzavírá už posledních několik let, říká šéf textilky Grund. Firma v USA rozjede vlastní výrobu
http://ekonom.ihned.cz/c1-65685790-obcim-lezi-na-uctech-desitky-miliard-i-tak-vyckavaji-na-evropske-penize,Růst obecních investic táhnou dotace. Podle starostů se bez nich města neobjedou
http://zahranicni.ihned.cz/evropa-slovensko/c1-65689820-nakladak-najel-do-lidi-v-centru-stockholmu-police-hlasi-nekolik-zranenych,Podezřelým z útoků ve Stockholmu je 39letý Uzbek. Poprvé promluvil s advokátem
http://zahranicni.ihned.cz/amerika-usa/c1-65690610-cinsky-prezident-utok-v-syrii-neodsoudil-ruska-reakce-je-zklamanim-prohlasil-ministr-zahranici,Severní Korea označila americký zásah v Sýrii za "nepřípustný akt agrese". Lavrov telefonoval s Tillersonem
http://art.ihned.cz/umeni/c1-65690690-documenta-umeni-recko-nemecko-ateny-kassel,Zombie balet, koncert uprchlíků a olivy jako platba dluhu. V Aténách začala přehlídka umění Documenta
